nct_id,brief_title,condition,phase,overall_status,enrollment_count,start_date,completion_date,min_age_years,max_age_years,sex,is_randomized,is_blinded,has_results,trial_duration_days,enrollment_log,phase_numeric,completion_rate,is_oncology,is_cardiovascular,age_group
NCT18032585,Efficacy and Safety of Lisinopril in COPD Patients,COPD,Phase 3,Completed,1237,2016-08-12,2018-10-26,50,100,Male,True,False,True,805,7.121252453244542,3,0.4904397747586867,False,False,Middle
NCT79656044,Efficacy and Safety of Pembrolizumab in Breast Cancer Patients,Breast Cancer,Phase 2,Completed,1040,2010-07-20,2014-05-04,50,70,Female,True,True,True,1384,6.947937068614969,2,0.8067895615576387,True,False,Middle
NCT68911436,A Phase Phase 1 Study of Insulin Glargine in Patients with Type 2 Diabetes,Type 2 Diabetes,Phase 1,Recruiting,376,2018-11-04,2020-07-07,18,58,All,True,True,True,611,5.932245187448011,1,0.9448590768264936,False,False,Young
NCT49499059,Efficacy and Safety of Tamoxifen in Hypertension Patients,Hypertension,Phase 2,Completed,390,2015-11-18,2018-02-01,50,100,All,False,False,True,806,5.968707559985366,2,0.5867606221334628,False,True,Middle
NCT48971371,A Phase Phase 4 Study of Insulin Glargine in Patients with Breast Cancer,Breast Cancer,Phase 4,Completed,155,2015-07-09,2019-01-21,40,60,All,True,False,True,1292,5.049856007249537,4,0.9493548281665126,True,False,Middle
NCT87273812,A Phase Phase 2 Study of Dapagliflozin in Patients with Hypertension,Hypertension,Phase 2,"Active, not recruiting",72,2016-05-23,2019-04-15,18,38,All,False,True,False,1057,4.290459441148391,2,0.47993728253193546,False,True,Young
NCT17735107,A Phase Phase 3 Study of Pembrolizumab in Patients with Type 2 Diabetes,Type 2 Diabetes,Phase 3,Completed,464,2012-08-02,2014-10-13,40,90,All,True,True,True,802,6.142037405587356,3,0.8323359104869651,False,False,Middle
NCT72763122,A Phase Phase 3 Study of Pembrolizumab in Patients with Heart Failure,Heart Failure,Phase 3,Completed,200,2017-03-06,2018-12-11,40,60,All,True,True,True,645,5.303304908059076,3,0.9122449304982407,False,True,Middle
NCT28132258,Efficacy and Safety of Atorvastatin in Heart Failure Patients,Heart Failure,Phase 3,Recruiting,474,2018-12-11,2020-01-18,18,58,All,True,False,False,403,6.163314804034641,3,0.5148039215043999,False,True,Young
NCT18475961,Efficacy and Safety of Pembrolizumab in Type 2 Diabetes Patients,Type 2 Diabetes,Phase 1,Completed,20,2014-03-13,2015-06-14,65,115,Female,True,True,True,458,3.044522437723423,1,0.8449830055613283,False,False,Middle
NCT57383108,Efficacy and Safety of Atorvastatin in Hypertension Patients,Hypertension,Phase 4,Completed,271,2011-07-29,2013-01-21,25,65,All,True,True,False,542,5.605802066295998,4,0.8143975049992982,False,True,Young
NCT97806011,Efficacy and Safety of Amlodipine in Hypertension Patients,Hypertension,Phase 2,Completed,544,2014-08-23,2018-01-01,25,55,All,True,False,True,1227,6.300785794663244,2,0.9186205694525912,False,True,Young
NCT76217713,A Phase Phase 3 Study of Amlodipine in Patients with Heart Failure,Heart Failure,Phase 3,"Active, not recruiting",609,2012-05-20,2015-04-20,40,70,All,True,True,False,1065,6.413458957167357,3,0.7258615083271968,False,True,Middle
NCT78502573,Efficacy and Safety of Lisinopril in Heart Failure Patients,Heart Failure,Phase 3,Completed,625,2014-06-28,2016-10-15,65,105,All,False,True,True,840,6.439350371100098,3,0.6682910837656427,False,True,Middle
NCT74572954,Randomized Trial of Tamoxifen vs Placebo for Heart Failure,Heart Failure,Phase 3,Completed,103,2017-07-11,2020-11-15,50,90,All,True,True,True,1223,4.6443908991413725,3,0.7569811106370172,False,True,Middle
NCT80745787,Randomized Trial of Metformin vs Placebo for COPD,COPD,Phase 4,Completed,756,2011-05-13,2012-11-04,50,90,All,True,False,True,541,6.6293632534374485,4,0.7154550822401667,False,False,Middle
NCT56190391,Efficacy and Safety of Lisinopril in Heart Failure Patients,Heart Failure,Phase 1,Completed,259,2018-12-21,2020-08-08,25,45,All,False,True,True,596,5.560681631015528,1,0.718163249170252,False,True,Young
NCT21530226,Efficacy and Safety of Atorvastatin in Hypertension Patients,Hypertension,Phase 2,Recruiting,689,2012-09-11,2014-11-15,65,105,All,True,True,False,795,6.536691597591305,2,0.8004050205103841,False,True,Middle
NCT85577340,Efficacy and Safety of Atorvastatin in Type 2 Diabetes Patients,Type 2 Diabetes,Phase 2,Completed,496,2020-09-27,2024-06-28,65,105,All,False,True,True,1370,6.208590026096629,2,0.4629019503117374,False,False,Middle
NCT50534734,Randomized Trial of Lisinopril vs Placebo for Heart Failure,Heart Failure,Phase 2,Recruiting,87,2018-10-17,2021-08-20,40,80,All,False,False,False,1038,4.477336814478207,2,0.36200449360456743,False,True,Middle
NCT55031672,Randomized Trial of Atorvastatin vs Placebo for COPD,COPD,Phase 1,Recruiting,405,2013-04-10,2016-10-28,40,60,All,True,False,False,1297,6.0063531596017325,1,0.7104227462799578,False,False,Middle
NCT43371822,Efficacy and Safety of Insulin Glargine in COPD Patients,COPD,Phase 1,"Active, not recruiting",609,2016-10-05,2018-07-03,18,58,All,True,True,False,636,6.413458957167357,1,0.7255135043055742,False,False,Young
NCT26429467,A Phase Phase 2 Study of Lisinopril in Patients with Hypertension,Hypertension,Phase 2,Completed,683,2011-05-01,2014-11-15,50,90,All,True,True,True,1294,6.52795791762255,2,0.6742028399764146,False,True,Middle
NCT93408848,A Phase Phase 2 Study of Tamoxifen in Patients with Hypertension,Hypertension,Phase 2,"Active, not recruiting",457,2011-03-14,2012-05-31,65,85,All,False,False,False,444,6.126869184114185,2,0.5856841255140434,False,True,Middle
NCT80341071,Randomized Trial of Tamoxifen vs Placebo for Type 2 Diabetes,Type 2 Diabetes,Phase 2,Recruiting,959,2021-06-23,2023-02-27,40,90,All,False,True,False,614,6.866933284461882,2,0.38629403907415955,False,False,Middle
NCT67947860,A Phase Phase 3 Study of Insulin Glargine in Patients with Type 2 Diabetes,Type 2 Diabetes,Phase 3,Completed,802,2019-08-19,2022-03-14,40,80,Male,False,True,True,938,6.688354713946762,3,0.6664265640597311,False,False,Middle
NCT46217292,A Phase Phase 3 Study of Tamoxifen in Patients with Breast Cancer,Breast Cancer,Phase 3,Recruiting,423,2011-11-08,2013-01-01,40,70,Female,True,True,False,420,6.049733455231958,3,0.8327473421619273,True,False,Middle
NCT84048545,Efficacy and Safety of Amlodipine in Breast Cancer Patients,Breast Cancer,Phase 2,"Active, not recruiting",725,2013-05-24,2016-12-19,18,58,Female,True,True,False,1305,6.587550014824796,2,0.9655554530163374,True,False,Young
NCT59088620,Efficacy and Safety of Tamoxifen in Hypertension Patients,Hypertension,Phase 2,Completed,1080,2012-05-16,2015-12-22,50,90,All,True,True,False,1315,6.985641817639208,2,0.7752566717889583,False,True,Middle
NCT49907277,Randomized Trial of Atorvastatin vs Placebo for Hypertension,Hypertension,Phase 2,"Active, not recruiting",1088,2014-09-29,2017-05-14,50,90,All,False,True,False,958,6.9930151229329605,2,0.6020385794601063,False,True,Middle
NCT50541359,Randomized Trial of Atorvastatin vs Placebo for COPD,COPD,Phase 3,Completed,131,2013-07-01,2015-06-01,65,95,All,True,True,True,700,4.882801922586371,3,0.7039150269452237,False,False,Middle
NCT30451484,Randomized Trial of Lisinopril vs Placebo for Breast Cancer,Breast Cancer,Phase 2,Recruiting,222,2013-12-09,2015-03-27,65,115,Male,True,True,True,473,5.407171771460119,2,0.9919433806835353,True,False,Middle
NCT18292232,Efficacy and Safety of Amlodipine in COPD Patients,COPD,Phase 1,Terminated,945,2016-05-09,2019-03-18,40,90,Male,True,False,False,1043,6.852242569051878,1,0.9461517608587845,False,False,Middle
NCT59912630,Randomized Trial of Lisinopril vs Placebo for COPD,COPD,Phase 2,Completed,182,2012-04-08,2014-11-18,65,85,Male,False,True,True,954,5.209486152841421,2,0.5899036536502363,False,False,Middle
NCT89910085,A Phase Phase 2 Study of Tamoxifen in Patients with Hypertension,Hypertension,Phase 2,"Active, not recruiting",103,2020-08-06,2023-11-16,40,80,Female,False,True,False,1197,4.6443908991413725,2,0.9405565649361007,False,True,Middle
NCT15743553,Randomized Trial of Pembrolizumab vs Placebo for Hypertension,Hypertension,Phase 2,Completed,354,2018-09-26,2021-07-17,50,70,All,True,False,False,1025,5.872117789475416,2,0.8627161478244266,False,True,Middle
NCT87246216,Randomized Trial of Dapagliflozin vs Placebo for COPD,COPD,Phase 3,Recruiting,626,2019-02-17,2020-07-06,50,80,Male,True,True,False,505,6.440946540632921,3,0.7201154667534087,False,False,Middle
NCT84486805,Efficacy and Safety of Amlodipine in Heart Failure Patients,Heart Failure,Phase 3,Recruiting,469,2012-01-13,2013-05-25,65,115,Male,True,False,False,498,6.152732694704104,3,0.9310846544660909,False,True,Middle
NCT34908372,Efficacy and Safety of Dapagliflozin in Hypertension Patients,Hypertension,Phase 3,Completed,304,2018-07-02,2021-11-03,50,70,All,True,True,True,1220,5.720311776607412,3,0.6035557489850808,False,True,Middle
NCT66849795,Efficacy and Safety of Pembrolizumab in Heart Failure Patients,Heart Failure,Phase 3,Completed,297,2020-01-15,2021-07-07,18,48,Female,True,False,False,539,5.697093486505405,3,0.8201846921321191,False,True,Young
NCT24870617,Randomized Trial of Atorvastatin vs Placebo for Breast Cancer,Breast Cancer,Phase 3,Completed,286,2012-02-07,2015-12-01,18,38,All,True,True,True,1393,5.659482215759621,3,0.867701145052657,True,False,Young
NCT78227896,Randomized Trial of Pembrolizumab vs Placebo for COPD,COPD,Phase 2,Completed,236,2019-01-07,2020-05-02,40,80,Female,True,True,True,481,5.4680601411351315,2,0.6905694629189515,False,False,Middle
NCT73047066,Randomized Trial of Tamoxifen vs Placebo for Hypertension,Hypertension,Phase 3,Completed,1184,2014-04-18,2017-06-24,40,70,Male,True,True,False,1163,7.077498053569231,3,0.7081265303870498,False,True,Middle
NCT41907337,A Phase Phase 2 Study of Atorvastatin in Patients with COPD,COPD,Phase 2,Completed,589,2019-06-15,2023-05-18,50,90,All,True,True,True,1433,6.380122536899765,2,0.9397063284677961,False,False,Middle
NCT16112800,Efficacy and Safety of Insulin Glargine in COPD Patients,COPD,Phase 2,Completed,766,2015-09-29,2018-01-24,40,90,All,True,True,True,848,6.642486801367256,2,0.8879915403063625,False,False,Middle
NCT97362822,Efficacy and Safety of Dapagliflozin in Type 2 Diabetes Patients,Type 2 Diabetes,Phase 3,Completed,353,2019-08-18,2020-10-18,40,80,All,False,False,True,427,5.869296913133774,3,0.596583894611043,False,False,Middle
NCT50111873,Efficacy and Safety of Pembrolizumab in Type 2 Diabetes Patients,Type 2 Diabetes,Phase 2,Recruiting,444,2011-10-09,2015-05-26,65,105,Male,True,False,False,1325,6.09807428216624,2,0.624051790704063,False,False,Middle
NCT90380900,A Phase Phase 2 Study of Atorvastatin in Patients with Breast Cancer,Breast Cancer,Phase 2,Recruiting,285,2014-09-02,2016-03-25,25,45,Male,False,True,False,570,5.655991810819852,2,0.8044821086600238,True,False,Young
NCT71012711,A Phase Phase 3 Study of Amlodipine in Patients with Type 2 Diabetes,Type 2 Diabetes,Phase 3,Recruiting,295,2013-04-13,2015-11-12,40,60,All,True,False,False,943,5.69035945432406,3,0.8276130736447549,False,False,Middle
NCT80054514,Efficacy and Safety of Lisinopril in Hypertension Patients,Hypertension,Phase 3,Completed,86,2012-12-24,2016-12-07,40,90,Female,True,False,True,1444,4.465908118654584,3,0.8329059396650926,False,True,Middle
NCT78390949,Randomized Trial of Pembrolizumab vs Placebo for Breast Cancer,Breast Cancer,Phase 4,"Active, not recruiting",43,2013-09-13,2016-12-07,40,90,All,True,False,False,1181,3.784189633918261,4,0.9178651659065712,True,False,Middle
NCT27517483,Efficacy and Safety of Insulin Glargine in COPD Patients,COPD,Phase 2,Recruiting,174,2014-08-04,2015-09-23,65,105,All,True,False,False,415,5.1647859739235145,2,0.8287460952265391,False,False,Middle
NCT42751542,Randomized Trial of Insulin Glargine vs Placebo for COPD,COPD,Phase 2,Completed,141,2011-07-12,2014-12-27,65,95,All,True,False,True,1264,4.955827057601261,2,0.5453050471944596,False,False,Middle
NCT52004890,Randomized Trial of Pembrolizumab vs Placebo for Type 2 Diabetes,Type 2 Diabetes,Phase 3,Completed,897,2018-06-27,2019-12-20,40,60,All,True,True,True,541,6.8001700683022,3,0.6890042413843855,False,False,Middle
NCT54801238,Randomized Trial of Amlodipine vs Placebo for COPD,COPD,Phase 2,Recruiting,486,2016-08-09,2019-11-08,40,90,All,False,False,False,1186,6.18826412308259,2,0.570960830617427,False,False,Middle
NCT13942338,Efficacy and Safety of Metformin in Type 2 Diabetes Patients,Type 2 Diabetes,Phase 3,Completed,887,2019-12-15,2022-10-25,40,90,All,True,False,True,1045,6.78897174299217,3,0.4191845306987712,False,False,Middle
NCT59191255,Randomized Trial of Tamoxifen vs Placebo for Heart Failure,Heart Failure,Phase 2,Completed,623,2018-06-18,2020-04-28,18,38,All,True,True,True,680,6.436150368369428,2,0.8623175112311569,False,True,Young
NCT23886054,Efficacy and Safety of Lisinopril in COPD Patients,COPD,Phase 1,Terminated,734,2011-10-16,2014-01-22,40,80,All,True,True,False,829,6.5998704992128365,1,0.7965382717365116,False,False,Middle
NCT76903831,A Phase Phase 1 Study of Amlodipine in Patients with COPD,COPD,Phase 1,Completed,229,2010-11-03,2012-03-11,25,65,Female,True,True,True,494,5.438079308923196,1,0.657152646162333,False,False,Young
NCT71474405,Randomized Trial of Metformin vs Placebo for Hypertension,Hypertension,Phase 3,Completed,657,2015-01-28,2019-01-13,18,48,All,False,False,True,1446,6.489204931325317,3,0.49043788622333195,False,True,Young
NCT93027505,Efficacy and Safety of Lisinopril in COPD Patients,COPD,Phase 1,Terminated,718,2015-10-11,2017-06-28,18,68,Female,False,True,False,626,6.577861357721047,1,0.370717026127048,False,False,Young
NCT42997839,Efficacy and Safety of Insulin Glargine in Type 2 Diabetes Patients,Type 2 Diabetes,Phase 2,Recruiting,327,2012-11-19,2014-10-23,40,60,All,True,False,False,703,5.793013608384144,2,0.9683172123951149,False,False,Middle
NCT97075875,Efficacy and Safety of Amlodipine in Breast Cancer Patients,Breast Cancer,Phase 2,Completed,667,2019-05-23,2021-11-24,18,48,All,True,False,True,916,6.504288173536645,2,0.9109230215992976,True,False,Young
NCT46976531,A Phase Phase 2 Study of Insulin Glargine in Patients with Breast Cancer,Breast Cancer,Phase 2,"Active, not recruiting",669,2016-12-24,2019-12-30,50,70,All,True,False,False,1101,6.507277712385012,2,0.7769979564672114,True,False,Middle
NCT39324282,Efficacy and Safety of Pembrolizumab in Hypertension Patients,Hypertension,Phase 2,"Active, not recruiting",335,2018-12-24,2021-06-29,40,80,All,True,True,True,918,5.817111159963204,2,0.846988569879461,False,True,Middle
NCT91498218,Efficacy and Safety of Dapagliflozin in Type 2 Diabetes Patients,Type 2 Diabetes,Phase 3,Completed,163,2011-04-23,2013-10-27,25,65,All,False,False,False,918,5.099866427824199,3,0.5738448927749263,False,False,Young
NCT43341373,Efficacy and Safety of Lisinopril in Heart Failure Patients,Heart Failure,Phase 1,Recruiting,144,2019-10-14,2022-07-13,50,100,All,False,False,False,1003,4.976733742420574,1,0.4213706694247323,False,True,Middle
NCT16870886,A Phase Phase 3 Study of Dapagliflozin in Patients with Hypertension,Hypertension,Phase 3,Completed,525,2012-06-22,2016-01-18,40,80,All,True,True,True,1305,6.26530121273771,3,0.8370047229752564,False,True,Middle
NCT81611197,Efficacy and Safety of Insulin Glargine in Heart Failure Patients,Heart Failure,Phase 3,Completed,598,2015-05-20,2017-07-26,50,70,All,True,False,True,798,6.395261598115449,3,0.8354496305553178,False,True,Middle
NCT27052422,Efficacy and Safety of Amlodipine in Breast Cancer Patients,Breast Cancer,Phase 2,Recruiting,262,2015-04-11,2018-10-09,50,80,All,True,True,False,1277,5.572154032177765,2,0.7435128262048202,True,False,Middle
NCT51664651,Efficacy and Safety of Metformin in Hypertension Patients,Hypertension,Phase 2,Completed,507,2019-11-07,2023-03-18,18,38,All,True,False,True,1227,6.230481447578482,2,0.9032267836135505,False,True,Young
NCT21692935,A Phase Phase 3 Study of Insulin Glargine in Patients with COPD,COPD,Phase 3,Recruiting,671,2013-04-28,2017-03-16,25,65,Male,True,True,False,1418,6.51025834052315,3,0.7899968479700156,False,False,Young
NCT71783038,Efficacy and Safety of Amlodipine in Type 2 Diabetes Patients,Type 2 Diabetes,Phase 1,"Active, not recruiting",685,2012-11-21,2016-08-17,40,80,All,True,True,False,1365,6.530877627725885,1,0.8961017725539259,False,False,Middle
NCT52813443,A Phase Phase 2 Study of Insulin Glargine in Patients with Heart Failure,Heart Failure,Phase 2,Completed,965,2014-01-28,2017-06-20,65,115,Female,False,True,True,1239,6.873163834212518,2,0.3859622010894938,False,True,Middle
NCT30421841,Randomized Trial of Metformin vs Placebo for Heart Failure,Heart Failure,Phase 4,Recruiting,883,2014-05-01,2016-01-26,18,48,Male,True,True,False,635,6.784457062637643,4,0.960188273300471,False,True,Young
NCT60804990,Randomized Trial of Insulin Glargine vs Placebo for Hypertension,Hypertension,Phase 4,Completed,199,2012-03-07,2015-07-03,18,48,Female,True,True,True,1213,5.298317366548036,4,0.7632174069611172,False,True,Young
NCT70283259,Randomized Trial of Dapagliflozin vs Placebo for Hypertension,Hypertension,Phase 3,"Active, not recruiting",1005,2012-02-13,2015-04-30,65,85,Male,True,False,False,1172,6.913737350659685,3,0.7390945305264061,False,True,Middle
NCT94627548,Efficacy and Safety of Amlodipine in Type 2 Diabetes Patients,Type 2 Diabetes,Phase 2,Completed,340,2012-10-11,2014-08-24,65,95,All,True,True,True,682,5.831882477283517,2,0.8440289045604802,False,False,Middle
NCT49343672,A Phase Phase 3 Study of Lisinopril in Patients with COPD,COPD,Phase 3,Recruiting,813,2015-08-12,2018-08-24,18,48,All,False,True,False,1108,6.70196036600254,3,0.6211102754680067,False,False,Young
NCT24461934,Randomized Trial of Dapagliflozin vs Placebo for COPD,COPD,Phase 3,Recruiting,520,2014-02-14,2015-11-18,40,90,All,True,False,False,642,6.255750041753367,3,0.9377503932876806,False,False,Middle
NCT84941037,Randomized Trial of Dapagliflozin vs Placebo for Hypertension,Hypertension,Phase 2,Completed,376,2014-09-15,2017-04-10,50,100,Male,False,False,True,938,5.932245187448011,2,0.5725054277000368,False,True,Middle
NCT66678787,Randomized Trial of Lisinopril vs Placebo for Type 2 Diabetes,Type 2 Diabetes,Phase 3,Recruiting,42,2018-08-19,2022-01-08,18,38,All,False,True,False,1238,3.7612001156935624,3,0.7644053023275889,False,False,Young
NCT73023859,A Phase Phase 1 Study of Pembrolizumab in Patients with Type 2 Diabetes,Type 2 Diabetes,Phase 1,Recruiting,448,2012-11-22,2014-06-16,25,55,All,True,False,False,571,6.1070228877422545,1,0.7718725084542042,False,False,Young
NCT18750397,A Phase Phase 2 Study of Atorvastatin in Patients with Type 2 Diabetes,Type 2 Diabetes,Phase 2,Recruiting,32,2020-12-02,2022-12-06,25,65,Female,True,True,False,734,3.4965075614664802,2,0.5297592771626225,False,False,Young
NCT38112997,A Phase Phase 2 Study of Insulin Glargine in Patients with COPD,COPD,Phase 2,Recruiting,790,2019-01-09,2022-05-29,50,80,All,False,False,False,1236,6.673297967767654,2,0.4141967211506723,False,False,Middle
NCT79105952,Randomized Trial of Atorvastatin vs Placebo for COPD,COPD,Phase 2,Terminated,955,2012-02-05,2014-06-16,25,45,All,True,True,False,862,6.862757913051401,2,0.8188196265369482,False,False,Young
NCT84903382,Randomized Trial of Pembrolizumab vs Placebo for Type 2 Diabetes,Type 2 Diabetes,Phase 2,Completed,260,2013-10-07,2017-08-24,40,90,Male,True,False,True,1417,5.564520407322694,2,0.7972178186219073,False,False,Middle
NCT49169500,Randomized Trial of Dapagliflozin vs Placebo for Heart Failure,Heart Failure,Phase 3,Completed,590,2012-03-15,2013-03-23,25,65,All,False,False,False,373,6.3818160174060985,3,0.37737894034857405,False,True,Young
NCT82428792,Randomized Trial of Pembrolizumab vs Placebo for Type 2 Diabetes,Type 2 Diabetes,Phase 4,Completed,282,2013-04-10,2016-06-09,50,90,All,False,False,True,1156,5.645446897643238,4,0.54429289332812,False,False,Middle
NCT85752268,A Phase Phase 3 Study of Dapagliflozin in Patients with Hypertension,Hypertension,Phase 3,Recruiting,311,2014-05-22,2017-10-30,18,48,Male,True,True,True,1257,5.7430031878094825,3,0.8864867052398764,False,True,Young
NCT44873054,A Phase Phase 3 Study of Dapagliflozin in Patients with Breast Cancer,Breast Cancer,Phase 3,Completed,732,2011-07-28,2015-04-28,25,75,All,True,False,True,1370,6.597145701886651,3,0.8386915633275533,True,False,Young
NCT90827886,Randomized Trial of Metformin vs Placebo for Heart Failure,Heart Failure,Phase 4,Completed,488,2010-03-05,2011-08-23,25,45,All,True,True,True,536,6.192362489474872,4,0.9422412670956635,False,True,Young
NCT35949529,Efficacy and Safety of Tamoxifen in COPD Patients,COPD,Phase 1,Completed,1021,2015-04-08,2019-03-21,65,95,All,False,False,True,1443,6.92951677076365,1,0.9446513076387971,False,False,Middle
NCT31560200,A Phase Phase 2 Study of Amlodipine in Patients with Type 2 Diabetes,Type 2 Diabetes,Phase 2,"Active, not recruiting",355,2018-06-01,2020-08-03,65,115,All,True,False,False,794,5.87493073085203,2,0.6984044725170888,False,False,Middle
NCT71424595,Efficacy and Safety of Insulin Glargine in Type 2 Diabetes Patients,Type 2 Diabetes,Phase 2,Completed,799,2013-08-21,2015-09-10,40,90,All,True,False,False,750,6.684611727667927,2,0.8977620250491235,False,False,Middle
NCT67308564,Randomized Trial of Metformin vs Placebo for Hypertension,Hypertension,Phase 1,Recruiting,529,2020-04-30,2022-05-24,18,48,Female,True,True,False,754,6.272877006546167,1,0.7777650657922903,False,True,Young
NCT22577723,A Phase Phase 3 Study of Metformin in Patients with Hypertension,Hypertension,Phase 3,Completed,738,2014-06-07,2017-05-06,50,90,Female,False,True,False,1064,6.6052979209482015,3,0.29567994428801253,False,True,Middle
NCT84946307,Randomized Trial of Insulin Glargine vs Placebo for COPD,COPD,Phase 2,Terminated,365,2020-10-24,2023-10-16,40,60,All,False,True,False,1087,5.902633333401366,2,0.4827271462301249,False,False,Middle
NCT27991738,A Phase Phase 2 Study of Insulin Glargine in Patients with Heart Failure,Heart Failure,Phase 2,Completed,485,2012-10-31,2015-04-03,65,85,All,True,True,True,884,6.186208623900494,2,0.6510209772092205,False,True,Middle
NCT82440920,A Phase Phase 2 Study of Lisinopril in Patients with Hypertension,Hypertension,Phase 2,Completed,465,2016-06-22,2017-09-07,25,55,All,True,True,True,442,6.144185634125646,2,0.672334158664611,False,True,Young
NCT10662604,Randomized Trial of Lisinopril vs Placebo for COPD,COPD,Phase 2,"Active, not recruiting",249,2019-02-28,2023-02-13,65,115,Male,False,True,False,1446,5.521460917862246,2,0.3388045252669047,False,False,Middle
NCT81715832,Randomized Trial of Lisinopril vs Placebo for Breast Cancer,Breast Cancer,Phase 4,"Active, not recruiting",698,2010-09-16,2012-05-16,65,105,All,False,False,False,608,6.54965074223381,4,0.6940743647652369,True,False,Middle
NCT80823193,Efficacy and Safety of Insulin Glargine in Breast Cancer Patients,Breast Cancer,Phase 1,Completed,695,2021-03-01,2022-06-11,25,55,All,True,True,True,467,6.54534966033442,1,0.48075521065625226,True,False,Young
NCT80232788,A Phase Phase 2 Study of Metformin in Patients with Breast Cancer,Breast Cancer,Phase 2,Completed,678,2014-05-19,2017-03-03,50,80,All,True,True,False,1019,6.520621127558696,2,0.9384109568973392,True,False,Middle
NCT69836577,Efficacy and Safety of Insulin Glargine in Type 2 Diabetes Patients,Type 2 Diabetes,Phase 2,Recruiting,961,2015-12-23,2018-03-18,25,45,Female,True,True,False,816,6.8690144506657065,2,0.7926361180570574,False,False,Young
NCT52441042,A Phase Phase 2 Study of Atorvastatin in Patients with COPD,COPD,Phase 2,"Active, not recruiting",934,2017-07-18,2020-05-22,25,55,All,True,False,False,1039,6.840546529288687,2,0.7514645017620494,False,False,Young
NCT73464884,A Phase Phase 3 Study of Atorvastatin in Patients with Type 2 Diabetes,Type 2 Diabetes,Phase 3,Completed,387,2017-09-19,2021-05-05,25,45,Female,True,False,True,1324,5.961005339623274,3,0.6091291769014545,False,False,Young
NCT34940946,Efficacy and Safety of Amlodipine in Type 2 Diabetes Patients,Type 2 Diabetes,Phase 2,Completed,611,2010-04-14,2011-07-29,50,70,All,True,True,True,471,6.416732282512326,2,0.7740000278223217,False,False,Middle
NCT80265612,Efficacy and Safety of Insulin Glargine in Hypertension Patients,Hypertension,Phase 1,Recruiting,312,2020-05-29,2022-04-05,25,65,Female,True,True,False,676,5.746203190540153,1,0.9613093518212638,False,True,Young
NCT60008226,Randomized Trial of Amlodipine vs Placebo for Hypertension,Hypertension,Phase 2,Recruiting,507,2017-06-26,2020-01-13,50,70,All,False,True,False,931,6.230481447578482,2,0.44070785865856316,False,True,Middle
NCT51302419,A Phase Phase 3 Study of Pembrolizumab in Patients with Type 2 Diabetes,Type 2 Diabetes,Phase 3,Recruiting,320,2021-12-27,2025-05-08,40,60,All,True,True,False,1228,5.771441123130016,3,0.9777713023893394,False,False,Middle
NCT55504562,A Phase Phase 3 Study of Dapagliflozin in Patients with Type 2 Diabetes,Type 2 Diabetes,Phase 3,Recruiting,986,2015-08-30,2018-06-18,50,90,Female,True,True,False,1023,6.894670039433482,3,0.8489239196021713,False,False,Middle
NCT61186707,Randomized Trial of Pembrolizumab vs Placebo for Heart Failure,Heart Failure,Phase 3,Completed,609,2017-05-13,2019-07-06,65,95,Female,True,True,True,784,6.413458957167357,3,0.7592382393082564,False,True,Middle
NCT13353608,Randomized Trial of Insulin Glargine vs Placebo for COPD,COPD,Phase 3,"Active, not recruiting",434,2015-04-18,2018-02-14,18,48,All,True,False,False,1033,6.075346031088684,3,0.7611617787976716,False,False,Young
NCT22581729,Efficacy and Safety of Atorvastatin in Type 2 Diabetes Patients,Type 2 Diabetes,Phase 3,"Active, not recruiting",858,2020-09-05,2024-08-14,65,85,All,True,True,False,1439,6.755768921984255,3,0.6855452435848343,False,False,Middle
NCT32093304,A Phase Phase 1 Study of Lisinopril in Patients with Hypertension,Hypertension,Phase 1,Recruiting,151,2019-12-29,2022-06-07,18,38,All,True,False,False,891,5.0238805208462765,1,0.9397976701786349,False,True,Young
NCT20307706,A Phase Phase 2 Study of Insulin Glargine in Patients with Breast Cancer,Breast Cancer,Phase 2,Completed,104,2020-11-27,2024-07-22,40,70,All,True,True,True,1333,4.653960350157523,2,0.7953502010040375,True,False,Middle
NCT49565221,Efficacy and Safety of Lisinopril in COPD Patients,COPD,Phase 2,Completed,738,2016-01-20,2019-05-23,25,65,All,True,False,True,1219,6.6052979209482015,2,0.8619402024463182,False,False,Young
NCT70156266,A Phase Phase 2 Study of Dapagliflozin in Patients with Heart Failure,Heart Failure,Phase 2,Recruiting,518,2019-07-02,2021-05-27,50,80,Female,False,False,False,695,6.251903883165888,2,0.5412300420017093,False,True,Middle
NCT68898597,A Phase Phase 3 Study of Pembrolizumab in Patients with Heart Failure,Heart Failure,Phase 3,Completed,575,2014-04-22,2016-01-20,50,90,All,True,False,True,638,6.3561076606958915,3,0.8763079354896262,False,True,Middle
NCT52398658,Randomized Trial of Metformin vs Placebo for Breast Cancer,Breast Cancer,Phase 2,Terminated,102,2015-07-14,2018-11-04,65,105,Male,False,True,False,1209,4.634728988229636,2,0.281915479743617,True,False,Middle
NCT86957200,Randomized Trial of Pembrolizumab vs Placebo for Breast Cancer,Breast Cancer,Phase 3,Completed,493,2019-02-15,2020-09-29,40,70,All,False,True,True,592,6.202535517187923,3,0.6684344355636458,True,False,Middle
NCT60871249,Randomized Trial of Metformin vs Placebo for Type 2 Diabetes,Type 2 Diabetes,Phase 3,Recruiting,1101,2010-12-22,2012-12-25,65,95,All,False,False,False,734,7.004881989712859,3,0.6055816179700139,False,False,Middle
NCT17127766,Efficacy and Safety of Amlodipine in COPD Patients,COPD,Phase 2,"Active, not recruiting",747,2018-07-12,2020-03-25,25,55,All,True,False,False,622,6.617402977974478,2,0.7150458722928014,False,False,Young
NCT78849897,Efficacy and Safety of Metformin in COPD Patients,COPD,Phase 4,Completed,550,2010-03-11,2013-01-03,25,45,All,True,True,True,1029,6.311734809152915,4,0.8264524555888206,False,False,Young
NCT61714056,A Phase Phase 3 Study of Atorvastatin in Patients with Type 2 Diabetes,Type 2 Diabetes,Phase 3,Completed,368,2016-12-20,2018-11-07,25,65,All,True,True,False,687,5.910796644040527,3,0.8884065436022719,False,False,Young
NCT67124648,Efficacy and Safety of Amlodipine in Heart Failure Patients,Heart Failure,Phase 3,Recruiting,381,2015-09-24,2018-09-14,40,80,All,True,True,True,1086,5.945420608606575,3,0.5874964205142078,False,True,Middle
NCT60883599,Randomized Trial of Amlodipine vs Placebo for Type 2 Diabetes,Type 2 Diabetes,Phase 2,Recruiting,138,2015-08-17,2019-06-06,50,80,Female,True,False,True,1389,4.9344739331306915,2,0.8810895273187511,False,False,Middle
NCT59822146,A Phase Phase 2 Study of Atorvastatin in Patients with Heart Failure,Heart Failure,Phase 2,Completed,577,2015-12-08,2019-06-04,65,95,Male,False,False,True,1274,6.359573868672378,2,0.7613495734269654,False,True,Middle
NCT18150978,Efficacy and Safety of Dapagliflozin in COPD Patients,COPD,Phase 2,Recruiting,753,2015-11-27,2019-09-30,25,55,Female,True,False,False,1403,6.625392368007956,2,0.7244755051521168,False,False,Young
NCT60328644,A Phase Phase 1 Study of Pembrolizumab in Patients with Type 2 Diabetes,Type 2 Diabetes,Phase 1,"Active, not recruiting",27,2014-11-21,2015-12-17,25,65,All,False,False,False,391,3.332204510175204,1,0.6339874393660863,False,False,Young
NCT81542135,Randomized Trial of Lisinopril vs Placebo for Breast Cancer,Breast Cancer,Phase 2,Completed,301,2015-06-02,2017-10-13,65,115,All,True,True,True,864,5.71042701737487,2,0.8108279839899124,True,False,Middle
NCT37355508,Efficacy and Safety of Amlodipine in Type 2 Diabetes Patients,Type 2 Diabetes,Phase 4,Completed,152,2016-10-26,2018-06-24,40,60,All,True,True,True,606,5.030437921392435,4,0.884066545309389,False,False,Middle
NCT64255441,A Phase Phase 3 Study of Amlodipine in Patients with Breast Cancer,Breast Cancer,Phase 3,Completed,210,2019-03-02,2022-12-01,25,55,All,True,True,True,1370,5.351858133476067,3,0.8434819703116837,True,False,Young
NCT12773605,A Phase Phase 2 Study of Tamoxifen in Patients with COPD,COPD,Phase 2,Completed,516,2016-08-17,2019-10-06,65,85,All,True,False,True,1145,6.248042874508429,2,0.7682757365543401,False,False,Middle
NCT41274928,Randomized Trial of Amlodipine vs Placebo for Type 2 Diabetes,Type 2 Diabetes,Phase 2,Completed,125,2017-09-17,2019-09-02,40,70,All,True,True,True,715,4.836281906951478,2,0.7415163182792013,False,False,Middle
NCT49304565,Efficacy and Safety of Dapagliflozin in Hypertension Patients,Hypertension,Phase 2,Completed,684,2020-01-16,2022-09-24,65,85,All,True,True,False,982,6.529418838262226,2,0.9367885788136552,False,True,Middle
NCT98446455,A Phase Phase 1 Study of Pembrolizumab in Patients with COPD,COPD,Phase 1,Recruiting,726,2021-11-17,2024-09-10,65,95,All,True,True,True,1028,6.588926477533519,1,0.7725750559845765,False,False,Middle
NCT29312620,Randomized Trial of Pembrolizumab vs Placebo for Hypertension,Hypertension,Phase 4,Completed,424,2011-04-22,2013-10-16,65,95,All,True,True,True,908,6.052089168924417,4,0.8069459329434869,False,True,Middle
NCT34889349,Randomized Trial of Amlodipine vs Placebo for Type 2 Diabetes,Type 2 Diabetes,Phase 2,Terminated,244,2018-07-23,2020-12-23,40,70,All,True,True,False,884,5.501258210544727,2,0.924357788011248,False,False,Middle
NCT46767577,A Phase Phase 2 Study of Tamoxifen in Patients with Breast Cancer,Breast Cancer,Phase 2,Completed,201,2012-09-14,2013-11-13,50,80,All,False,True,True,425,5.308267697401205,2,0.8266853506014177,True,False,Middle
NCT99339905,Efficacy and Safety of Pembrolizumab in Breast Cancer Patients,Breast Cancer,Phase 3,Completed,869,2012-05-12,2014-09-19,65,115,All,True,True,True,860,6.76849321164863,3,0.7608419694290187,True,False,Middle
NCT86806276,Efficacy and Safety of Tamoxifen in Heart Failure Patients,Heart Failure,Phase 1,Recruiting,333,2019-07-09,2021-07-24,25,75,All,True,False,False,746,5.811140992976701,1,0.7345921897315851,False,True,Young
NCT13122366,Randomized Trial of Insulin Glargine vs Placebo for Hypertension,Hypertension,Phase 2,"Active, not recruiting",395,2010-10-29,2014-04-12,18,38,All,True,True,False,1261,5.981414211254481,2,0.5660514105440672,False,True,Young
NCT31054553,A Phase Phase 3 Study of Tamoxifen in Patients with COPD,COPD,Phase 3,Completed,145,2020-03-05,2023-10-09,25,55,All,True,True,True,1313,4.983606621708336,3,0.8714986062883774,False,False,Young
NCT83950700,A Phase Phase 3 Study of Tamoxifen in Patients with Breast Cancer,Breast Cancer,Phase 3,Completed,741,2019-04-02,2022-07-02,50,100,Male,True,True,True,1187,6.60934924316738,3,0.8561606736377184,True,False,Middle
NCT15247246,Randomized Trial of Lisinopril vs Placebo for Hypertension,Hypertension,Phase 4,Completed,297,2021-12-10,2023-01-12,40,80,All,True,False,True,398,5.697093486505405,4,0.6195652431447345,False,True,Middle
NCT87010376,Randomized Trial of Dapagliflozin vs Placebo for COPD,COPD,Phase 3,Completed,621,2018-01-07,2021-07-16,18,38,All,False,True,True,1286,6.432940092739179,3,0.36712515609964463,False,False,Young
NCT35324550,Randomized Trial of Lisinopril vs Placebo for COPD,COPD,Phase 2,Completed,669,2020-06-23,2022-08-31,40,80,Female,True,False,True,799,6.507277712385012,2,0.6914398944332885,False,False,Middle
NCT92588691,A Phase Phase 3 Study of Metformin in Patients with Breast Cancer,Breast Cancer,Phase 3,Completed,1050,2011-06-04,2013-09-02,18,38,All,True,False,True,821,6.957497370876951,3,0.9221638888199001,True,False,Young
NCT36423438,Randomized Trial of Dapagliflozin vs Placebo for Type 2 Diabetes,Type 2 Diabetes,Phase 4,Completed,439,2020-09-06,2024-07-07,40,60,Female,True,False,True,1400,6.0867747269123065,4,0.6266286656788724,False,False,Middle
NCT49088512,A Phase Phase 3 Study of Insulin Glargine in Patients with Breast Cancer,Breast Cancer,Phase 3,Completed,612,2011-12-04,2015-07-11,40,80,Male,True,True,True,1315,6.418364935936212,3,0.8792670379139598,True,False,Middle
NCT69572486,Efficacy and Safety of Atorvastatin in Breast Cancer Patients,Breast Cancer,Phase 4,Terminated,54,2013-10-10,2014-12-04,50,90,All,True,False,False,420,4.007333185232471,4,0.681106788453416,True,False,Middle
NCT21365266,Efficacy and Safety of Amlodipine in Type 2 Diabetes Patients,Type 2 Diabetes,Phase 3,Recruiting,857,2011-07-16,2013-08-13,40,90,All,True,True,False,759,6.754604099487962,3,0.8362592821325086,False,False,Middle
NCT60132893,Randomized Trial of Atorvastatin vs Placebo for Heart Failure,Heart Failure,Phase 3,Completed,271,2014-10-27,2018-01-25,40,70,All,True,True,False,1186,5.605802066295998,3,0.8017973184613414,False,True,Middle
NCT55451394,A Phase Phase 1 Study of Lisinopril in Patients with COPD,COPD,Phase 1,Completed,331,2018-12-28,2021-08-09,50,100,Female,True,True,False,955,5.805134968916488,1,0.715503518945631,False,False,Middle
NCT80550838,Efficacy and Safety of Amlodipine in Type 2 Diabetes Patients,Type 2 Diabetes,Phase 3,Completed,493,2013-03-21,2014-12-28,50,80,All,False,True,True,647,6.202535517187923,3,0.801716731075689,False,False,Middle
NCT99649621,A Phase Phase 2 Study of Lisinopril in Patients with Heart Failure,Heart Failure,Phase 2,Completed,31,2019-11-14,2022-06-11,65,105,All,True,True,True,940,3.4657359027997265,2,0.895303483032286,False,True,Middle
NCT69788218,Efficacy and Safety of Insulin Glargine in Type 2 Diabetes Patients,Type 2 Diabetes,Phase 3,Recruiting,568,2017-04-12,2020-11-16,25,45,All,True,True,False,1314,6.343880434126331,3,0.8082245514785863,False,False,Young
NCT46826779,A Phase Phase 3 Study of Dapagliflozin in Patients with Heart Failure,Heart Failure,Phase 3,"Active, not recruiting",790,2017-07-20,2019-03-21,40,60,All,True,True,False,609,6.673297967767654,3,0.8741660649002055,False,True,Middle
NCT46574817,Randomized Trial of Dapagliflozin vs Placebo for Breast Cancer,Breast Cancer,Phase 4,"Active, not recruiting",587,2021-04-08,2024-07-03,25,75,Male,True,True,True,1182,6.376726947898627,4,0.7949268960008447,True,False,Young
NCT47616287,A Phase Phase 4 Study of Tamoxifen in Patients with Type 2 Diabetes,Type 2 Diabetes,Phase 4,Terminated,23,2015-03-09,2018-05-22,40,90,All,True,True,False,1170,3.1780538303479458,4,0.8050379008215712,False,False,Middle
NCT83261834,A Phase Phase 2 Study of Pembrolizumab in Patients with COPD,COPD,Phase 2,Terminated,462,2014-02-19,2017-10-16,18,68,Male,True,False,True,1335,6.137727054086234,2,0.7621616748033359,False,False,Young
NCT38909415,Efficacy and Safety of Insulin Glargine in Type 2 Diabetes Patients,Type 2 Diabetes,Phase 3,Terminated,722,2021-12-09,2023-10-31,40,70,Female,False,True,False,691,6.583409222158765,3,0.6062426877345362,False,False,Middle
NCT25027562,Efficacy and Safety of Atorvastatin in Breast Cancer Patients,Breast Cancer,Phase 3,Completed,63,2016-09-07,2018-05-01,18,38,All,True,False,False,601,4.1588830833596715,3,0.9317560133328345,True,False,Young
NCT40086229,A Phase Phase 2 Study of Lisinopril in Patients with Type 2 Diabetes,Type 2 Diabetes,Phase 2,Completed,177,2017-05-18,2020-01-08,40,90,All,True,True,True,965,5.181783550292085,2,0.7066367711817946,False,False,Middle
NCT12044086,Efficacy and Safety of Atorvastatin in COPD Patients,COPD,Phase 1,Completed,762,2013-07-22,2016-02-24,65,105,Male,False,True,True,947,6.637258031284457,1,0.7524421296733959,False,False,Middle
NCT19552832,A Phase Phase 1 Study of Amlodipine in Patients with Heart Failure,Heart Failure,Phase 1,Recruiting,581,2012-08-02,2014-10-24,65,85,Male,False,True,False,813,6.366470447731438,1,0.3395099775493961,False,True,Middle
NCT18104307,A Phase Phase 3 Study of Dapagliflozin in Patients with COPD,COPD,Phase 3,Completed,623,2012-01-15,2015-05-18,40,90,Female,True,True,True,1219,6.436150368369428,3,0.3711374026302238,False,False,Middle
NCT79439717,A Phase Phase 2 Study of Metformin in Patients with Breast Cancer,Breast Cancer,Phase 2,"Active, not recruiting",1057,2012-09-07,2016-01-30,18,68,All,True,True,True,1240,6.964135612418245,2,0.7688830004227745,True,False,Young
NCT75012341,Randomized Trial of Amlodipine vs Placebo for Breast Cancer,Breast Cancer,Phase 4,Recruiting,640,2012-05-05,2014-01-29,25,55,All,True,True,False,634,6.46302945692067,4,0.7290151064051175,True,False,Young
NCT72709371,A Phase Phase 2 Study of Pembrolizumab in Patients with Heart Failure,Heart Failure,Phase 2,Completed,697,2018-12-18,2022-05-07,18,68,All,False,True,True,1236,6.548219102762372,2,0.4565868776853671,False,True,Young
NCT51568950,Randomized Trial of Dapagliflozin vs Placebo for Heart Failure,Heart Failure,Phase 4,Completed,1313,2010-09-12,2012-05-21,50,100,Female,True,True,True,617,7.1808311990445555,4,0.9609540039267989,False,True,Middle
NCT74535266,A Phase Phase 2 Study of Atorvastatin in Patients with COPD,COPD,Phase 2,Completed,435,2017-07-22,2019-10-11,65,105,All,False,True,True,811,6.077642243349034,2,0.37519423567740473,False,False,Middle
NCT24514460,A Phase Phase 3 Study of Metformin in Patients with Type 2 Diabetes,Type 2 Diabetes,Phase 3,Completed,260,2021-05-24,2022-06-22,40,80,All,True,True,False,394,5.564520407322694,3,0.8508727358419911,False,False,Middle
NCT91055951,Randomized Trial of Tamoxifen vs Placebo for Heart Failure,Heart Failure,Phase 1,"Active, not recruiting",628,2019-03-11,2021-03-18,18,48,All,False,True,False,738,6.444131256700441,1,0.6214759578278652,False,True,Young
NCT55094029,Efficacy and Safety of Pembrolizumab in Type 2 Diabetes Patients,Type 2 Diabetes,Phase 3,Recruiting,631,2014-11-02,2018-09-17,18,68,All,True,True,False,1415,6.448889394146858,3,0.7798334997814832,False,False,Young
NCT94424625,Efficacy and Safety of Dapagliflozin in Hypertension Patients,Hypertension,Phase 3,Recruiting,341,2010-09-18,2013-01-15,65,115,Male,True,True,False,850,5.834810737062605,3,0.7445344948704968,False,True,Middle
NCT23708089,Randomized Trial of Amlodipine vs Placebo for COPD,COPD,Phase 4,Completed,190,2020-01-05,2023-02-21,25,75,All,True,True,True,1143,5.25227342804663,4,0.8937519813951881,False,False,Young
NCT54759706,A Phase Phase 3 Study of Metformin in Patients with Hypertension,Hypertension,Phase 3,Completed,1192,2010-01-14,2011-05-12,18,58,All,True,True,True,483,7.084226422097916,3,0.81487621553461,False,True,Young
NCT72668833,Efficacy and Safety of Metformin in Heart Failure Patients,Heart Failure,Phase 1,Completed,598,2018-03-06,2021-01-30,18,38,Female,True,True,True,1061,6.395261598115449,1,0.8544413402883362,False,True,Young
NCT54606328,Efficacy and Safety of Atorvastatin in Breast Cancer Patients,Breast Cancer,Phase 2,Recruiting,280,2018-01-20,2020-03-02,25,55,Male,True,False,False,772,5.638354669333745,2,0.830522357347829,True,False,Young
NCT50154064,Efficacy and Safety of Insulin Glargine in Hypertension Patients,Hypertension,Phase 1,Recruiting,774,2012-04-21,2015-07-15,50,80,All,True,True,False,1180,6.652863029353347,1,0.9112397979073819,False,True,Middle
NCT24959268,Efficacy and Safety of Metformin in Hypertension Patients,Hypertension,Phase 1,Completed,467,2018-11-18,2022-08-31,65,115,All,True,True,True,1382,6.148468295917647,1,0.9450789104152246,False,True,Middle
NCT44291910,Efficacy and Safety of Amlodipine in Breast Cancer Patients,Breast Cancer,Phase 3,"Active, not recruiting",424,2012-02-09,2014-09-13,25,65,Female,False,True,False,947,6.052089168924417,3,0.5672228344502112,True,False,Young
NCT31488963,Efficacy and Safety of Insulin Glargine in Heart Failure Patients,Heart Failure,Phase 3,Completed,668,2012-09-16,2014-01-06,50,90,Male,False,False,True,477,6.505784060128229,3,0.3711356234959963,False,True,Middle
NCT37136088,Randomized Trial of Metformin vs Placebo for Heart Failure,Heart Failure,Phase 3,"Active, not recruiting",112,2019-09-30,2022-03-04,18,38,All,True,False,False,886,4.727387818712341,3,0.8735371758837668,False,True,Young
NCT71533059,Randomized Trial of Metformin vs Placebo for COPD,COPD,Phase 3,Completed,605,2021-10-02,2023-02-13,18,68,All,True,False,True,499,6.406879986069314,3,0.9044985318786827,False,False,Young
NCT66725433,A Phase Phase 3 Study of Atorvastatin in Patients with COPD,COPD,Phase 3,Completed,1073,2013-03-06,2015-07-11,18,48,All,True,False,True,857,6.97914527506881,3,0.8478591900239342,False,False,Young
NCT64647678,A Phase Phase 3 Study of Amlodipine in Patients with Heart Failure,Heart Failure,Phase 3,"Active, not recruiting",639,2021-01-22,2022-03-30,65,85,All,False,True,False,432,6.461468176353717,3,0.8976822322718235,False,True,Middle
NCT42563134,Efficacy and Safety of Pembrolizumab in Heart Failure Patients,Heart Failure,Phase 1,Completed,387,2020-12-17,2023-11-18,40,90,Male,True,False,True,1066,5.961005339623274,1,0.9184608685700483,False,True,Middle
NCT96372332,Efficacy and Safety of Atorvastatin in Hypertension Patients,Hypertension,Phase 2,Completed,347,2019-03-28,2021-03-02,65,85,All,True,True,True,705,5.8522024797744745,2,0.8040118527951442,False,True,Middle
NCT17888492,Efficacy and Safety of Tamoxifen in Breast Cancer Patients,Breast Cancer,Phase 3,Completed,376,2011-09-07,2013-04-14,18,38,All,False,False,True,585,5.932245187448011,3,0.6990262558785191,True,False,Young
NCT40833169,A Phase Phase 3 Study of Dapagliflozin in Patients with Type 2 Diabetes,Type 2 Diabetes,Phase 3,Completed,423,2013-08-05,2014-08-23,18,38,Male,False,True,False,383,6.049733455231958,3,0.5461452829309829,False,False,Young
NCT20620531,Randomized Trial of Atorvastatin vs Placebo for Hypertension,Hypertension,Phase 1,Recruiting,386,2018-02-19,2021-10-19,65,95,Female,True,True,False,1338,5.958424693029782,1,0.8368324884389945,False,True,Middle
NCT40504942,A Phase Phase 2 Study of Tamoxifen in Patients with COPD,COPD,Phase 2,"Active, not recruiting",774,2021-12-29,2025-07-03,18,38,Male,True,False,False,1282,6.652863029353347,2,0.9077341010764615,False,False,Young
NCT96570789,Efficacy and Safety of Atorvastatin in Breast Cancer Patients,Breast Cancer,Phase 3,"Active, not recruiting",20,2019-10-11,2023-03-18,18,68,All,True,True,False,1254,3.044522437723423,3,0.947320424509913,True,False,Young
NCT42963718,A Phase Phase 1 Study of Metformin in Patients with Type 2 Diabetes,Type 2 Diabetes,Phase 1,Completed,758,2015-01-17,2016-03-20,40,80,All,False,False,True,428,6.63200177739563,1,0.6299843307631429,False,False,Middle
NCT91772262,A Phase Phase 2 Study of Tamoxifen in Patients with Heart Failure,Heart Failure,Phase 2,Completed,386,2012-10-28,2014-11-15,50,80,All,True,True,False,748,5.958424693029782,2,0.9311383541585033,False,True,Middle
NCT54555909,Randomized Trial of Insulin Glargine vs Placebo for COPD,COPD,Phase 3,Completed,613,2021-07-12,2025-06-10,25,45,All,True,False,True,1429,6.419994928147142,3,0.9131224497343198,False,False,Young
NCT72973642,Efficacy and Safety of Dapagliflozin in COPD Patients,COPD,Phase 3,Completed,161,2013-04-25,2016-01-19,40,70,All,True,False,True,999,5.087596335232384,3,0.9438642268404137,False,False,Middle
NCT51167573,Efficacy and Safety of Amlodipine in Hypertension Patients,Hypertension,Phase 2,Completed,898,2014-02-09,2015-06-29,50,70,All,True,True,True,505,6.80128303447162,2,0.8297066266311214,False,True,Middle
NCT33928296,A Phase Phase 3 Study of Pembrolizumab in Patients with Breast Cancer,Breast Cancer,Phase 3,"Active, not recruiting",873,2021-07-30,2022-12-31,40,90,All,True,False,False,519,6.773080375655535,3,0.7837021172181229,True,False,Middle
NCT78780650,A Phase Phase 2 Study of Insulin Glargine in Patients with Breast Cancer,Breast Cancer,Phase 2,"Active, not recruiting",787,2016-09-28,2018-07-13,25,55,Female,True,True,True,653,6.669498089857879,2,0.6987300132247086,True,False,Young
NCT97225873,A Phase Phase 3 Study of Metformin in Patients with Hypertension,Hypertension,Phase 3,Recruiting,45,2013-03-05,2017-02-02,18,48,Female,False,False,False,1430,3.828641396489095,3,0.48953471155932266,False,True,Young
NCT33717237,A Phase Phase 2 Study of Atorvastatin in Patients with Hypertension,Hypertension,Phase 2,Completed,748,2010-01-24,2011-07-28,40,60,All,False,True,True,550,6.618738983517219,2,0.6325285272854131,False,True,Middle
NCT80087581,Randomized Trial of Dapagliflozin vs Placebo for Hypertension,Hypertension,Phase 3,Completed,621,2015-02-28,2018-11-13,65,85,All,True,True,True,1354,6.432940092739179,3,0.8971843198696595,False,True,Middle
NCT33502600,A Phase Phase 2 Study of Metformin in Patients with COPD,COPD,Phase 2,Completed,20,2021-11-01,2024-11-13,50,70,All,False,False,True,1108,3.044522437723423,2,0.49186622907883304,False,False,Middle
NCT74520117,A Phase Phase 2 Study of Dapagliflozin in Patients with Heart Failure,Heart Failure,Phase 2,Completed,492,2015-03-12,2018-12-16,65,85,All,True,True,True,1375,6.20050917404269,2,0.8411786010181036,False,True,Middle
NCT81010590,Randomized Trial of Amlodipine vs Placebo for COPD,COPD,Phase 3,Completed,609,2018-05-25,2021-11-15,18,58,All,True,True,True,1270,6.413458957167357,3,0.9307245521261038,False,False,Young
NCT50442535,A Phase Phase 2 Study of Tamoxifen in Patients with COPD,COPD,Phase 2,Completed,666,2013-01-14,2015-01-13,18,68,All,True,True,True,729,6.502790045915623,2,0.6718652867759012,False,False,Young
NCT76322763,A Phase Phase 1 Study of Pembrolizumab in Patients with COPD,COPD,Phase 1,Completed,553,2019-04-24,2022-10-17,40,90,Male,False,False,True,1272,6.317164686747284,1,0.7363274189413795,False,False,Middle
NCT34501740,A Phase Phase 2 Study of Pembrolizumab in Patients with Type 2 Diabetes,Type 2 Diabetes,Phase 2,Terminated,587,2019-04-25,2020-10-26,18,48,All,False,True,False,550,6.376726947898627,2,0.2856296908371727,False,False,Young
NCT17132816,A Phase Phase 3 Study of Metformin in Patients with COPD,COPD,Phase 3,Completed,942,2017-04-20,2019-03-04,40,90,Female,False,False,True,683,6.849066282633458,3,0.7235833807094632,False,False,Middle
NCT18675186,Randomized Trial of Metformin vs Placebo for Type 2 Diabetes,Type 2 Diabetes,Phase 3,Terminated,867,2019-04-07,2020-11-24,65,105,All,False,False,False,597,6.7661917146603505,3,0.4637211501646123,False,False,Middle
NCT50232134,Efficacy and Safety of Amlodipine in Breast Cancer Patients,Breast Cancer,Phase 4,Completed,360,2016-12-12,2018-05-06,25,45,All,False,True,True,510,5.8888779583328805,4,0.7223943455310976,True,False,Young
NCT91234215,Efficacy and Safety of Dapagliflozin in Breast Cancer Patients,Breast Cancer,Phase 2,Recruiting,404,2014-07-17,2015-10-23,40,60,All,True,True,False,463,6.003887067106539,2,0.9165445567906869,True,False,Middle
NCT21481916,A Phase Phase 2 Study of Metformin in Patients with Hypertension,Hypertension,Phase 2,Completed,450,2018-11-09,2020-06-01,50,90,All,False,False,True,570,6.111467339502679,2,0.33614524149761277,False,True,Middle
NCT51019866,A Phase Phase 1 Study of Amlodipine in Patients with Type 2 Diabetes,Type 2 Diabetes,Phase 1,Completed,25,2020-01-10,2021-05-20,18,48,All,True,True,True,496,3.258096538021482,1,0.8334375606634775,False,False,Young
NCT73362885,Randomized Trial of Lisinopril vs Placebo for Type 2 Diabetes,Type 2 Diabetes,Phase 3,Completed,528,2020-02-05,2022-03-27,65,85,Female,True,True,True,781,6.270988431858299,3,0.8794256249548745,False,False,Middle
NCT28212702,Randomized Trial of Amlodipine vs Placebo for COPD,COPD,Phase 4,Completed,874,2012-07-23,2013-10-09,25,75,All,True,False,True,443,6.774223886357614,4,0.92496574109504,False,False,Young
NCT74945475,Efficacy and Safety of Insulin Glargine in Hypertension Patients,Hypertension,Phase 3,"Active, not recruiting",174,2018-02-14,2019-04-22,65,105,All,True,True,False,432,5.1647859739235145,3,0.8983789479924257,False,True,Middle
NCT37536096,Efficacy and Safety of Metformin in Hypertension Patients,Hypertension,Phase 3,Completed,600,2010-01-19,2014-01-07,50,90,All,True,True,True,1449,6.398594934535208,3,0.7482137419382661,False,True,Middle
NCT82779467,Randomized Trial of Amlodipine vs Placebo for COPD,COPD,Phase 2,Recruiting,225,2016-11-12,2018-02-16,18,68,All,True,False,False,461,5.420534999272286,2,0.6787883069330722,False,False,Young
NCT62129761,A Phase Phase 4 Study of Dapagliflozin in Patients with Type 2 Diabetes,Type 2 Diabetes,Phase 4,Completed,298,2016-11-08,2018-01-28,50,100,All,True,True,True,446,5.700443573390687,4,0.9309544187420538,False,False,Middle
NCT59221654,A Phase Phase 2 Study of Pembrolizumab in Patients with COPD,COPD,Phase 2,Completed,943,2014-05-13,2015-06-14,18,68,All,True,True,True,397,6.8501261661455,2,0.9475299641140658,False,False,Young
NCT25909550,A Phase Phase 1 Study of Metformin in Patients with COPD,COPD,Phase 1,Completed,337,2021-12-07,2023-05-01,40,70,Male,False,True,True,510,5.823045895483019,1,0.47757996060700475,False,False,Middle
NCT51688531,A Phase Phase 2 Study of Lisinopril in Patients with Breast Cancer,Breast Cancer,Phase 2,Completed,638,2020-08-06,2023-03-07,65,115,All,True,False,True,943,6.459904454377535,2,0.9651231813499677,True,False,Middle
NCT87095285,Efficacy and Safety of Lisinopril in Type 2 Diabetes Patients,Type 2 Diabetes,Phase 1,Terminated,61,2010-06-19,2013-12-11,65,105,All,True,False,False,1271,4.127134385045092,1,0.9811412224317363,False,False,Middle
NCT11757159,A Phase Phase 2 Study of Atorvastatin in Patients with Type 2 Diabetes,Type 2 Diabetes,Phase 2,"Active, not recruiting",1058,2012-07-04,2015-09-17,65,105,All,True,True,False,1170,6.9650803456014065,2,0.9394843171053465,False,False,Middle
NCT78266757,Efficacy and Safety of Lisinopril in Hypertension Patients,Hypertension,Phase 1,Recruiting,680,2012-06-30,2015-03-27,40,90,Female,True,True,False,1000,6.523562306149512,1,0.6050234021045455,False,True,Middle
NCT54348615,Randomized Trial of Pembrolizumab vs Placebo for Breast Cancer,Breast Cancer,Phase 2,Completed,445,2020-10-09,2022-01-10,40,60,All,True,True,True,458,6.100318952020064,2,0.9500745855993574,True,False,Middle
NCT74751666,Randomized Trial of Pembrolizumab vs Placebo for Type 2 Diabetes,Type 2 Diabetes,Phase 3,Completed,672,2016-03-24,2019-07-20,25,55,All,False,True,True,1213,6.511745329644728,3,0.3502713087790842,False,False,Young
NCT69696821,Randomized Trial of Pembrolizumab vs Placebo for Breast Cancer,Breast Cancer,Phase 2,"Active, not recruiting",77,2018-10-01,2019-11-10,65,85,All,True,True,False,405,4.356708826689592,2,0.6823294742476009,True,False,Middle
NCT48888373,Efficacy and Safety of Lisinopril in Type 2 Diabetes Patients,Type 2 Diabetes,Phase 2,Completed,854,2019-09-21,2022-08-12,40,70,All,False,False,True,1056,6.75110146893676,2,0.6566696926727567,False,False,Middle
NCT37780048,A Phase Phase 4 Study of Metformin in Patients with Breast Cancer,Breast Cancer,Phase 4,Completed,402,2019-03-20,2021-06-10,50,80,All,False,True,True,813,5.998936561946683,4,0.5268585182934012,True,False,Middle
NCT66457795,A Phase Phase 3 Study of Dapagliflozin in Patients with Type 2 Diabetes,Type 2 Diabetes,Phase 3,Completed,438,2011-01-26,2014-09-18,25,75,Male,True,False,False,1331,6.0844994130751715,3,0.762644327103657,False,False,Young
NCT22620184,Randomized Trial of Tamoxifen vs Placebo for Heart Failure,Heart Failure,Phase 2,Recruiting,352,2011-09-08,2013-08-10,50,100,All,False,True,False,702,5.8664680569332965,2,0.5427092251468929,False,True,Middle
NCT62568817,Randomized Trial of Amlodipine vs Placebo for Type 2 Diabetes,Type 2 Diabetes,Phase 2,Recruiting,325,2014-09-29,2017-08-28,25,55,Male,True,True,False,1064,5.786897381366708,2,0.5199239852732483,False,False,Young
NCT18522522,Randomized Trial of Dapagliflozin vs Placebo for Type 2 Diabetes,Type 2 Diabetes,Phase 3,Recruiting,708,2014-01-23,2016-05-19,50,80,All,False,True,False,847,6.5638555265321274,3,0.6900363683806965,False,False,Middle
NCT68486194,Efficacy and Safety of Metformin in Type 2 Diabetes Patients,Type 2 Diabetes,Phase 2,Recruiting,576,2018-12-20,2021-07-14,18,58,Female,False,True,False,937,6.3578422665081,2,0.7386552056676484,False,False,Young
NCT66587075,Randomized Trial of Metformin vs Placebo for COPD,COPD,Phase 2,Completed,695,2011-11-16,2015-09-09,18,68,Male,False,False,True,1393,6.54534966033442,2,0.4665826039896953,False,False,Young
NCT17599988,A Phase Phase 4 Study of Metformin in Patients with Type 2 Diabetes,Type 2 Diabetes,Phase 4,"Active, not recruiting",497,2014-06-17,2017-08-06,25,75,All,True,False,False,1146,6.210600077024653,4,0.9179078711039653,False,False,Young
NCT78173910,A Phase Phase 2 Study of Lisinopril in Patients with Breast Cancer,Breast Cancer,Phase 2,Completed,653,2012-11-03,2015-01-31,40,60,All,False,False,True,819,6.483107351457199,2,0.4629443365639972,True,False,Middle
NCT47422666,Efficacy and Safety of Metformin in Breast Cancer Patients,Breast Cancer,Phase 3,Recruiting,374,2012-04-07,2014-08-10,50,70,All,False,True,False,855,5.926926025970411,3,0.5377101710019991,True,False,Middle
NCT80819781,A Phase Phase 3 Study of Pembrolizumab in Patients with Breast Cancer,Breast Cancer,Phase 3,Completed,1168,2012-01-28,2015-03-10,25,65,Female,True,False,True,1137,7.063903961472068,3,0.6746054008435317,True,False,Young
NCT13745275,Randomized Trial of Insulin Glargine vs Placebo for Heart Failure,Heart Failure,Phase 3,Terminated,29,2012-05-07,2014-05-21,18,48,All,False,True,False,744,3.4011973816621555,3,0.7065456878459045,False,True,Young
NCT26151084,Randomized Trial of Dapagliflozin vs Placebo for COPD,COPD,Phase 2,Completed,878,2016-10-10,2018-04-11,25,45,All,False,False,True,548,6.778784897685177,2,0.7887326148350372,False,False,Young
NCT54459173,Efficacy and Safety of Pembrolizumab in Hypertension Patients,Hypertension,Phase 2,Completed,910,2014-12-03,2017-04-28,40,60,All,True,True,True,877,6.814542897259958,2,0.9033052130364482,False,True,Middle
NCT26940265,Efficacy and Safety of Dapagliflozin in COPD Patients,COPD,Phase 2,Completed,244,2015-03-24,2016-06-05,40,70,Male,False,True,True,439,5.501258210544727,2,0.3418270474225395,False,False,Middle
NCT39687509,Randomized Trial of Lisinopril vs Placebo for Hypertension,Hypertension,Phase 2,Completed,1168,2015-10-03,2017-04-06,50,80,All,True,True,True,551,7.063903961472068,2,0.8564177476959055,False,True,Middle
NCT69453913,A Phase Phase 3 Study of Tamoxifen in Patients with COPD,COPD,Phase 3,Completed,798,2018-11-23,2021-02-26,25,65,All,True,True,True,826,6.683360945766275,3,0.8135833442029106,False,False,Young
NCT23007176,Randomized Trial of Pembrolizumab vs Placebo for Breast Cancer,Breast Cancer,Phase 2,Recruiting,791,2020-05-06,2023-09-26,50,70,Female,True,True,False,1238,6.674561391814426,2,0.8847565060870651,True,False,Middle
NCT70993264,Randomized Trial of Lisinopril vs Placebo for Heart Failure,Heart Failure,Phase 3,Completed,508,2016-04-26,2019-08-30,50,90,All,True,False,True,1221,6.2324480165505225,3,0.8089025277555002,False,True,Middle
NCT19306267,A Phase Phase 3 Study of Metformin in Patients with COPD,COPD,Phase 3,"Active, not recruiting",434,2017-09-16,2019-06-28,50,90,Male,False,False,True,650,6.075346031088684,3,0.5562084893246678,False,False,Middle
NCT25766666,Randomized Trial of Amlodipine vs Placebo for Heart Failure,Heart Failure,Phase 3,Completed,437,2018-11-12,2021-02-16,40,70,All,True,False,True,827,6.082218910376446,3,0.9153130780044744,False,True,Middle
NCT62888011,A Phase Phase 2 Study of Pembrolizumab in Patients with COPD,COPD,Phase 2,Recruiting,617,2018-04-15,2019-09-30,65,85,All,True,True,True,533,6.42648845745769,2,0.45854223041618397,False,False,Middle
NCT81413491,Randomized Trial of Dapagliflozin vs Placebo for Breast Cancer,Breast Cancer,Phase 2,Completed,920,2011-08-12,2014-11-16,25,65,Female,True,True,True,1192,6.825460036255307,2,0.8823553567591772,True,False,Young
NCT25353367,Efficacy and Safety of Dapagliflozin in Type 2 Diabetes Patients,Type 2 Diabetes,Phase 4,Recruiting,554,2021-10-19,2023-07-16,50,90,All,True,True,False,635,6.318968113746434,4,0.8772662354099057,False,False,Middle
NCT36999351,Efficacy and Safety of Metformin in Breast Cancer Patients,Breast Cancer,Phase 3,Recruiting,226,2011-12-24,2015-05-18,18,48,All,False,True,False,1241,5.424950017481403,3,0.796746673774148,True,False,Young
NCT93260810,A Phase Phase 3 Study of Pembrolizumab in Patients with Type 2 Diabetes,Type 2 Diabetes,Phase 3,Completed,747,2014-12-11,2018-06-20,18,48,All,False,True,True,1287,6.617402977974478,3,0.25340272317227974,False,False,Young
NCT99071532,Efficacy and Safety of Pembrolizumab in COPD Patients,COPD,Phase 4,Terminated,776,2017-11-01,2020-11-25,65,105,All,True,True,False,1120,6.655440350367647,4,0.8908133596375608,False,False,Middle
NCT62295502,A Phase Phase 3 Study of Amlodipine in Patients with Hypertension,Hypertension,Phase 3,Completed,696,2014-11-04,2016-10-30,40,70,All,True,True,False,726,6.546785410760524,3,0.8075221079028944,False,True,Middle
NCT50233433,Randomized Trial of Pembrolizumab vs Placebo for Hypertension,Hypertension,Phase 2,Completed,723,2012-12-01,2016-10-10,50,80,All,True,True,True,1409,6.584791392385716,2,0.8792685884021497,False,True,Middle
NCT41218282,A Phase Phase 3 Study of Pembrolizumab in Patients with Hypertension,Hypertension,Phase 3,Recruiting,418,2021-01-30,2024-02-20,50,80,All,True,True,False,1116,6.037870919922137,3,0.8631848801990747,False,True,Middle
NCT65120672,A Phase Phase 1 Study of Atorvastatin in Patients with Heart Failure,Heart Failure,Phase 1,"Active, not recruiting",221,2010-11-10,2013-10-17,50,80,All,True,False,False,1072,5.402677381872279,1,0.7574064347548453,False,True,Middle
NCT63182394,A Phase Phase 3 Study of Metformin in Patients with Breast Cancer,Breast Cancer,Phase 3,Completed,239,2012-12-13,2016-07-08,25,65,All,True,True,True,1303,5.480638923341991,3,0.5867405639139003,True,False,Young
NCT36527773,A Phase Phase 4 Study of Atorvastatin in Patients with COPD,COPD,Phase 4,Completed,20,2021-12-02,2025-07-25,18,48,All,True,False,True,1331,3.044522437723423,4,0.8787635155018313,False,False,Young
NCT12052348,Efficacy and Safety of Lisinopril in Breast Cancer Patients,Breast Cancer,Phase 2,"Active, not recruiting",571,2018-10-05,2019-12-29,18,48,All,True,True,False,450,6.349138991379798,2,0.7916852257562605,True,False,Young
NCT23634847,A Phase Phase 2 Study of Metformin in Patients with Hypertension,Hypertension,Phase 2,Recruiting,474,2011-01-17,2014-09-09,65,105,All,True,False,False,1331,6.163314804034641,2,0.8025701302254871,False,True,Middle
NCT96270329,Randomized Trial of Metformin vs Placebo for Type 2 Diabetes,Type 2 Diabetes,Phase 1,Terminated,368,2019-01-22,2022-05-09,25,55,Female,True,False,False,1203,5.910796644040527,1,0.8269272173592737,False,False,Young
NCT47633942,Efficacy and Safety of Amlodipine in Type 2 Diabetes Patients,Type 2 Diabetes,Phase 4,Completed,386,2021-08-21,2023-04-04,40,60,All,False,False,True,591,5.958424693029782,4,0.653719868842649,False,False,Middle
NCT53407309,Efficacy and Safety of Insulin Glargine in Hypertension Patients,Hypertension,Phase 1,Recruiting,125,2011-03-05,2013-02-04,40,90,All,False,False,False,702,4.836281906951478,1,0.6355704867965629,False,True,Middle
NCT52039679,Efficacy and Safety of Insulin Glargine in COPD Patients,COPD,Phase 1,Completed,836,2014-12-21,2018-03-24,18,38,All,True,False,True,1189,6.729824070489475,1,0.6110844240225211,False,False,Young
NCT80446170,A Phase Phase 2 Study of Amlodipine in Patients with Breast Cancer,Breast Cancer,Phase 2,"Active, not recruiting",300,2015-08-15,2017-04-08,40,80,Male,False,False,False,602,5.707110264748875,2,0.41269830541763625,True,False,Middle
NCT15846090,Efficacy and Safety of Insulin Glargine in COPD Patients,COPD,Phase 1,Completed,608,2011-07-29,2013-12-05,18,48,All,False,True,True,860,6.411818267709897,1,0.4697844231377977,False,False,Young
NCT17445699,Randomized Trial of Amlodipine vs Placebo for Type 2 Diabetes,Type 2 Diabetes,Phase 2,Recruiting,82,2012-05-29,2015-06-23,18,38,All,True,True,False,1120,4.418840607796598,2,0.8260518846407927,False,False,Young
NCT34826252,A Phase Phase 2 Study of Metformin in Patients with Type 2 Diabetes,Type 2 Diabetes,Phase 2,Completed,931,2012-02-01,2015-01-13,18,38,All,True,False,True,1077,6.837332814685591,2,0.6780374775131985,False,False,Young
NCT53799249,Randomized Trial of Pembrolizumab vs Placebo for COPD,COPD,Phase 2,Recruiting,456,2012-03-23,2015-12-15,65,115,All,True,True,False,1362,6.124683390894205,2,0.8912549963763091,False,False,Middle
NCT70401163,Efficacy and Safety of Atorvastatin in Type 2 Diabetes Patients,Type 2 Diabetes,Phase 1,Recruiting,587,2014-11-05,2016-03-06,40,70,Male,False,True,False,487,6.376726947898627,1,0.5100080190462704,False,False,Middle
NCT54163629,Randomized Trial of Lisinopril vs Placebo for Type 2 Diabetes,Type 2 Diabetes,Phase 1,Completed,1197,2015-07-27,2017-06-14,65,95,Female,True,True,True,688,7.088408778675395,1,0.9229128180816494,False,False,Middle
NCT49705126,A Phase Phase 2 Study of Pembrolizumab in Patients with Breast Cancer,Breast Cancer,Phase 2,"Active, not recruiting",954,2012-11-09,2016-10-23,40,80,All,True,True,False,1444,6.86171134048073,2,0.8988954144941661,True,False,Middle
NCT94404380,Efficacy and Safety of Amlodipine in COPD Patients,COPD,Phase 1,Completed,408,2013-06-22,2016-03-06,25,45,Male,True,True,True,988,6.013715156042802,1,0.8756317007545632,False,False,Young
NCT24491704,Efficacy and Safety of Metformin in Heart Failure Patients,Heart Failure,Phase 3,Recruiting,322,2012-04-22,2014-01-19,50,90,All,True,False,False,637,5.777652323222656,3,0.5698160522277239,False,True,Middle
NCT61455524,Efficacy and Safety of Lisinopril in Type 2 Diabetes Patients,Type 2 Diabetes,Phase 2,Completed,402,2019-07-22,2021-06-03,65,95,All,False,False,True,682,5.998936561946683,2,0.641463424771482,False,False,Middle
NCT58802020,Efficacy and Safety of Metformin in COPD Patients,COPD,Phase 2,Completed,652,2012-07-17,2014-07-23,40,80,Male,True,False,True,736,6.481577129276431,2,0.6161524726101332,False,False,Middle
NCT52614046,Efficacy and Safety of Tamoxifen in COPD Patients,COPD,Phase 2,Completed,468,2020-11-22,2023-07-22,18,38,All,False,True,True,972,6.150602768446279,2,0.6653639549046649,False,False,Young
NCT82683769,Randomized Trial of Metformin vs Placebo for COPD,COPD,Phase 2,Completed,381,2016-06-20,2018-04-27,25,75,All,False,True,True,676,5.945420608606575,2,0.3166001342231751,False,False,Young
NCT34027809,A Phase Phase 1 Study of Amlodipine in Patients with COPD,COPD,Phase 1,Completed,940,2019-08-21,2022-07-02,65,85,All,False,True,True,1046,6.846943139585379,1,0.4408897370542673,False,False,Middle
NCT95839557,Randomized Trial of Insulin Glargine vs Placebo for Hypertension,Hypertension,Phase 1,Recruiting,465,2017-08-21,2019-12-22,40,80,Female,True,True,False,853,6.144185634125646,1,0.6754921713370913,False,True,Middle
NCT39841209,A Phase Phase 3 Study of Dapagliflozin in Patients with COPD,COPD,Phase 3,Recruiting,1189,2013-03-12,2016-01-09,65,105,All,False,False,False,1033,7.081708586105575,3,0.7111379264349109,False,False,Middle
NCT59050403,Randomized Trial of Amlodipine vs Placebo for Hypertension,Hypertension,Phase 1,Recruiting,527,2017-03-21,2018-09-07,40,70,All,True,True,False,535,6.269096283706261,1,0.9213289690088798,False,True,Middle
NCT56860516,Randomized Trial of Insulin Glargine vs Placebo for COPD,COPD,Phase 2,Completed,1035,2013-04-16,2016-02-28,18,38,All,True,False,True,1048,6.943122422819428,2,0.8902185692415021,False,False,Young
NCT86480010,Efficacy and Safety of Insulin Glargine in Breast Cancer Patients,Breast Cancer,Phase 2,Completed,607,2011-06-04,2015-03-13,65,95,All,False,True,True,1378,6.410174881966167,2,0.5297102425699963,True,False,Middle
NCT49502031,A Phase Phase 2 Study of Metformin in Patients with Heart Failure,Heart Failure,Phase 2,Completed,788,2013-01-21,2014-06-18,50,100,All,True,False,False,513,6.670766320845874,2,0.6374146163953655,False,True,Middle
NCT35610306,A Phase Phase 2 Study of Metformin in Patients with Heart Failure,Heart Failure,Phase 2,Recruiting,282,2013-04-23,2015-04-16,50,100,Male,True,True,False,723,5.645446897643238,2,0.8715444575661481,False,True,Middle
NCT11945087,Efficacy and Safety of Insulin Glargine in Heart Failure Patients,Heart Failure,Phase 3,"Active, not recruiting",243,2011-08-16,2014-09-14,65,115,Male,True,True,False,1125,5.497168225293202,3,0.8416505935427463,False,True,Middle
NCT42731042,A Phase Phase 3 Study of Metformin in Patients with Heart Failure,Heart Failure,Phase 3,Completed,637,2010-04-14,2013-02-18,18,38,Female,False,False,False,1041,6.45833828334479,3,0.5781631089318008,False,True,Young
NCT84366273,Randomized Trial of Metformin vs Placebo for Heart Failure,Heart Failure,Phase 2,Recruiting,796,2021-04-30,2024-05-08,65,105,Male,False,True,False,1104,6.680854678790215,2,0.47484432314537456,False,True,Middle
NCT10892457,Efficacy and Safety of Lisinopril in Heart Failure Patients,Heart Failure,Phase 2,Completed,512,2016-02-29,2018-11-03,25,45,All,True,False,True,978,6.240275845170769,2,0.8173601353018859,False,True,Young
